refinedTimemachine,oracle,TimeMachineResult,target_8
6845.629518574179,6840,6950.616405445072,6945.861211140505
9043.529636240324,9051,9126.364402491772,9133.591667691102
4724.319750634918,4726,4744.0968317743,4745.7637304806385
9303.985049869403,9302,9350.478497715778,9348.488232201775
9336.93961269549,9335,9444.526670492536,9442.61417683137
6939.952433810996,6943,6994.480977439293,6996.918981190882
1351.000637292016,1351,1425.443435305522,1425.4427980135058
8682.821440175852,8677,8739.49287103818,8733.780786238814
6482.629666183134,6491,6553.785634248644,6561.878653073324
4011.70827589879,4011,4071.3789182351416,4070.6706423363516
8654.22985364732,8668,8692.755151711064,8706.134178616125
7566.163565222711,7568,7643.890948321061,7645.986999700638
1668.8123787112058,1667,1731.677838954058,1729.801613506779
3623.509566051199,3626,3646.2387233243267,3648.6931574697396
6971.8088264580765,6968,7025.635383264092,7022.454139129447
1920.7500111301692,1922,2001.7985955947745,2002.881151060515
5283.568648668697,5282,5296.7904370979495,5295.1410229065605
5027.403371975893,5029,5124.641540133622,5126.328001471555
3025.3156063422107,3028,3064.0799582111613,3066.9733271400246
7069.099608778603,7080,7142.235614694318,7151.567481411161
6614.9637415456045,6617,6679.071842704617,6681.3472112154495
10061.096642767581,10063,10092.786941898494,10094.677197859444
9652.67127722311,9657,9790.266800568252,9796.227610123491
318.1968547605518,297,433.4648077406444,402.4594177447289
8590.139193614328,8588,8633.919265031966,8631.894205571465
2387.7992437006505,2390,2443.1375414325494,2445.5708002461975
5920.642529848859,5921,5925.963695353391,5926.327931962236
8214.749205323431,8216,8244.15850814914,8245.667608806261
9902.8572208114,9889,9985.192283393138,9975.818954220162
3716.1791378026246,3715,3764.602524471232,3763.44206646054
5156.519044153591,5156,5173.255335041564,5172.736290887973
5419.03457895841,5419,5459.593156952016,5459.558577993606
4959.31685561941,4957,5005.925929165165,5003.671786356708
3455.985182496545,3451,3533.7236777172393,3531.3677427562197
9458.878372651727,9458,9471.10088559186,9470.222512940134
4259.591867556859,4261,4277.550963451889,4278.9174853727145
3733.046198614107,3741,3821.897439344469,3830.8787397668684
9415.041009347728,9410,9508.1030419684,9503.010642013538
3448.260161463144,3426,3556.0110242853066,3547.188186158941
5605.100761754959,5609,5654.4678739741685,5657.8980109935455
8698.814907802753,8701,8717.371793879192,8719.51677378987
9172.274104212214,9179,9226.107201484218,9232.916110831735
1875.4952763473132,1870,1994.2915550078924,1990.4388113619873
1202.196117000864,1197,1283.5736488655225,1279.7647863426519
1515.6559978974226,1515,1540.9207941223444,1540.2647962249218
6878.598002755058,6868,6994.639334610362,6986.325387753164
8408.18389325942,8406,8444.353989577552,8442.412482792372
3643.0166831751717,3644,3702.1635744200503,3703.0856512161754
9114.361757630917,9117,9213.448991611456,9216.001659137952
8800.387661424786,8801,8808.649529344146,8809.265701357948
7233.086199962198,7232,7274.554250451092,7273.475516889926
7205.755275679103,7209,7255.301491140686,7258.55924862117
2491.4035229303854,2492,2626.4431090397684,2627.172926574301
1828.9277425993378,1828,1951.4225394013583,1950.4947968020206
1129.3368152611724,1117,1255.956985665225,1247.0961540229418
91.57612300763223,92,131.94553863486033,132.386209949437
6539.322048525131,6540,6596.565899654595,6597.315631859908
6391.090732902008,6398,6462.356783320074,6469.179580847057
532.8344272906888,524,651.5752804830211,643.3926825417113
8999.537863286047,9000,9054.372025173316,9055.106707289233
8444.692496549178,8447,8489.363148167507,8491.003315593909
7182.273916569102,7184,7245.302956221639,7246.957160244477
2400.8027394328815,2401,2446.515234655671,2446.9500845065068
6683.3421604576815,6681,6791.130325872391,6788.608844543897
8739.997160326666,8751,8794.345931712442,8805.267018930834
8555.599033522452,8554,8573.973877999762,8572.384964242608
7198.768605786319,7200,7219.285440523802,7220.52723052431
1174.1884118313853,1175,1218.1440219100923,1218.8090908781805
1970.6025804224669,1967,2067.1042773056156,2063.6924625716956
175.44311921422354,176,207.90009005619947,208.46753267564205
6497.949640989166,6497,6561.765463067735,6560.815822078569
3311.222946527386,3316,3407.6891323052855,3410.9711928323204
3691.046524362106,3688,3764.3264115686275,3761.99852899626
4017.4067061538162,4010,4111.816302105563,4106.499830906303
183.9086247163574,184,237.81123502943223,237.971645041648
251.57227745966034,246,319.10078118138966,311.7215364463978
4358.323815844366,4359,4400.815613630698,4401.5024673094
2520.4968363031944,2519,2624.4044340732153,2622.871788831543
3338.156246329442,3340,3396.3621892395763,3397.9719471264098
3799.674022690454,3794,3893.171314359295,3887.2662074164064
6060.31855202798,6051,6145.090116578885,6132.874289788321
2040.6092179108625,2043,2128.764826780266,2130.952387321632
939.8965440134314,940,963.9747729812359,964.1174911004942
1940.0980240539297,1942,1999.999347355969,2001.825543137766
228.91220919299306,226,280.37329537860086,277.36699790883245
3673.65301890906,3671,3731.409632453039,3728.9857337580397
2519.183545454562,2518,2603.0071470151674,2601.938940958415
9167.436128892374,9173,9256.898677999008,9262.647810028286
1539.1133158890377,1539,1598.2243709498155,1598.1110550607777
4420.663825636373,4421,4446.853983829722,4447.208974861061
7005.366129968663,7005,7022.35611199971,7021.9899820310475
5225.86394427646,5226,5233.969577534426,5234.101358393198
3847.3536250885836,3847,3884.1658245227895,3883.812199434206
410.17336062712144,408,502.98862044113173,501.26084319907517
696.6499399617245,697,709.8084913924055,710.1919771419344
6725.076205525244,6728,6747.514031431489,6750.9895054437275
183.1152628516098,184,215.5796076492643,216.52735825485937
7539.554139752802,7544,7694.296745556723,7702.24473877962
9916.180679802846,9917,9934.110633135419,9934.908739704812
5282.010225948831,5283,5336.6365904344075,5338.00548515474
8989.968859963985,8989,9072.668118570624,9071.699258606639
5515.051593204821,5516,5543.121647044282,5543.902983745749
3936.0298146740693,3939,4051.6036926361603,4054.1862491128363
7729.149885259106,7742,7854.215990267451,7867.199560315207
1583.0683357706184,1583,1603.4293802691086,1603.3610444984902
3830.717648462745,3825,3946.892657606559,3940.726720822237
1137.2487317524788,1137,1188.0803483040186,1187.8316165515398
7078.280462125237,7079,7147.019413274251,7147.462849842956
7299.444288483909,7304,7327.974998406167,7332.694615389451
3794.3502422912475,3789,3906.3555750821697,3900.441683510379
9994.267450868729,10002,10017.303528320806,10024.810629646785
2327.274049030525,2328,2340.618429672304,2341.3848328801464
1515.4705040868466,1516,1571.875763173208,1572.4351818043663
3427.3597236058954,3423,3502.081453175609,3498.4188581040353
492.82841013412167,490,597.6492226534033,594.8127490089356
8230.384358067677,8229,8320.582143852067,8319.353868215445
831.4938628979279,833,885.0652571077679,886.4454362080538
6903.9450060933,6904,6925.277478215983,6925.249293962727
4901.399307893575,4889,5015.561836039885,5014.615349481642
1492.2014751259544,1495,1555.9973303628817,1558.9712504844154
2507.0495482103097,2508,2531.85161085232,2532.697277917687
4054.8582550676047,4047,4132.938467213008,4126.64973210697
8357.47807716161,8359,8409.803968251732,8410.943271130265
7317.095184700358,7315,7328.917498147939,7326.779580882741
8811.371168421807,8828,8850.755745223763,8867.535803167002
7879.819211142082,7885,7924.99411376351,7929.854439587408
5408.12798203765,5398,5536.74557405903,5528.61005273836
3846.332509496151,3844,3897.855756557104,3894.8425252801976
4199.6474096989805,4200,4220.365376261765,4220.704713064716
3135.30795320529,3136,3146.8107848322484,3147.56072928573
8842.408244006467,8848,8899.088224671796,8904.761905192236
430.9392076250939,431,537.8045431166184,537.7158218867182
1811.7916182416313,1814,1925.660572128487,1927.4786713899123
5580.8650130463875,5582,5642.678299756839,5643.422917652497
4467.622885930626,4468,4494.451138852262,4494.856197627153
1012.5718152039144,993,1144.8484679867543,1114.2388078595454
9195.50564287273,9198,9275.88691443476,9278.453170712542
2701.8479112006944,2708,2763.6128536431856,2768.9444773709365
927.7023597021965,928,945.0871505287769,945.3905191744274
4649.487726945898,4642,4737.967284760599,4727.52624385207
3574.9587827432224,3579,3616.1375217231453,3620.609919751711
9848.248647645245,9853,9921.012312665614,9924.082462394072
2282.3111711496754,2283,2301.7960870829925,2302.486524644536
2137.1342440868234,2137,2165.6660736790236,2165.5318295922
7591.183835602765,7592,7682.015865976009,7682.890672195891
9778.817820367194,9778,9882.050087071397,9881.232266704203
8862.058289550898,8871,8922.217508348267,8931.300952983313
3929.0972191909614,3930,4033.1757290013416,4034.1025631647167
850.4498344275978,850,871.4683893060251,871.0185548784273
8568.59417631325,8569,8641.67274794562,8641.968214405977
1938.2974348414737,1942,1998.5030050656767,2001.8267977585197
3244.1019124478685,3240,3320.189679738453,3315.1568150490734
139.283600200664,138,206.9317242040463,205.57006597466898
3223.644775233832,3230,3360.9562388685317,3371.4094009983774
4892.609601695983,4887,4961.122169437442,4958.297436675104
7931.374128843651,7931,7977.592167340773,7977.218038497122
9963.615380137122,9964,9976.09748426606,9976.48824550632
545.4064939233438,528,670.727070541541,655.1517316732867
774.5332574381529,774,863.5650157116226,863.0317582734697
2190.9012258152216,2191,2251.1794541007857,2251.269085767236
5094.266355746376,5093,5129.700903133707,5128.4257616749555
1413.836247133766,1418,1480.7679466407774,1484.7314207229897
2572.8210013216803,2574,2604.8612863912786,2605.942677383328
4022.0182319420815,4022,4087.7433493867225,4087.725117444641
5706.01415179486,5710,5760.660394681479,5764.476824449886
9608.506017454214,9607,9666.500527652985,9664.953354203473
7839.281465770509,7836,7870.52648875607,7867.22728847469
4649.137347073052,4640,4794.076982869958,4779.497351328188
5858.779387852663,5860,5897.156641876726,5898.4482067916915
4434.592168909273,4437,4478.117815777744,4480.658410695248
169.57640745951258,168,210.08975830140776,208.42588286838597
8883.290266253594,8879,8956.79426879894,8951.215806870201
7714.7031787252245,7709,7836.160144220594,7830.652187680705
662.443855090927,665,699.8987911429298,703.0040882681911
8271.563488978278,8275,8317.767713248102,8320.392773478972
3955.5482860488914,3956,4030.1212983476653,4030.5581021795406
8816.797194418434,8817,8871.108173679484,8871.324108301085
7931.694748898499,7933,7959.532943576542,7960.868748726817
1781.144086198559,1784,1873.580261510206,1877.6184861827485
7963.9948740917025,7963,8043.453703512934,8042.458829421232
2851.587072625945,2853,2898.292734424502,2899.7121654682087
5932.669775013126,5937,5960.830189144605,5965.3989478508365
8572.742000658398,8574,8602.518279581393,8603.755093965412
5105.20757127295,5108,5175.549778706521,5178.026436370255
3790.5286804804573,3788,3873.854643247092,3871.0798234775193
765.8414499434595,765,852.4072357406853,851.5657857972259
6575.6691943556525,6576,6645.319753549996,6645.382218269268
8022.162818715774,8023,8062.12997771693,8062.974169861796
2775.0851281264727,2775,2800.9513834655036,2800.8662553390304
2778.8687892482603,2780,2828.7254391578745,2829.7229705407044
875.2923883454907,876,915.6769311297842,916.4009795341514
7751.706288049611,7751,7831.847849298893,7831.141561249282
7037.425844142459,7044,7092.661636794101,7098.441130464324
993.6322088275055,992,1105.2889920094035,1103.3487934482682
3061.3725168662727,3062,3077.185686132195,3077.8343211564898
7627.03434357438,7627,7662.6055303906605,7662.571186816281
7794.127276724004,7799,7919.2585450763245,7923.819752731839
5736.384602986859,5738,5788.767597914112,5790.3260143197995
7185.748011417588,7187,7240.904291099443,7242.14630397867
7404.484591390753,7401,7486.679675588009,7482.934911086877
766.3556507519629,768,842.0192501161179,843.742166597378
6488.596996684699,6490,6579.477393091906,6580.802476679392
9828.694990978027,9835,9856.135009160786,9861.639780950476
7970.285366033525,7970,8088.909337409498,8088.623971375973
7100.023036020044,7100,7111.212525776924,7111.18948975688
207.30619082574833,207,235.06443069244392,234.7582398666956
3300.5443686063218,3299,3392.43977541636,3391.1507211885446
6519.440743686704,6525,6572.238396019159,6577.698406770562
4856.303690716541,4856,4906.030723516579,4905.727032800039
335.66811695451264,334,454.9938671779487,452.77535525442397
6956.194901583093,6953,7015.278015893152,7012.845185426824
5426.664018264873,5427,5493.007295015584,5493.146046135562
3177.0304795414204,3177,3226.5086312191597,3226.4781516777393
7609.129169520689,7600,7730.107676351168,7723.9140644501595
8950.938906453133,8952,9001.114876794116,9002.677713688678
1407.723889141207,1409,1467.5651149063985,1468.8027084705532
3345.3496312514235,3347,3436.879597129037,3438.304928814678
9410.627840830874,9411,9428.013544028696,9428.377139962951
6772.438982237728,6768,6832.778299049781,6827.132204166672
3617.7981772359194,3619,3684.181643725803,3685.35680882858
365.8774049449221,365,409.2606158500508,408.3832109051287
6719.2301339687465,6716,6787.833487677791,6784.5091256205915
801.6856122663185,803,824.1493420029136,825.3097710678302
8960.36434236766,8960,8995.705182590333,8995.340840222672
6041.119924042405,6034,6124.344462405479,6114.043587378655
39.40436080407032,41,62.10301070509662,63.700413865864306
8967.091999495515,8967,9004.73138983019,9004.639390334676
2334.778683979929,2334,2422.7315558555347,2421.9528718756055
4929.612681048733,4930,5021.478238913338,5021.83453716641
475.8063732397166,479,550.0181680363672,553.2812471866968
2895.167653208938,2896,2918.4629291056376,2919.2948115249455
2733.143030134869,2734,2786.4059166137713,2787.157930423272
7458.108443268677,7449,7541.179448028892,7527.732119302246
5702.651236276621,5700,5757.327272260942,5754.778216050681
6893.664055568464,6893,6955.191315225218,6954.527259656754
7519.465785519867,7516,7621.912462851768,7617.090511610729
81.08076680186929,83,143.3976811146126,145.44865520124057
8603.732829507833,8611,8659.466572155936,8666.37628118818
9211.71716118954,9212,9265.388843271514,9265.717945915667
7893.335332902701,7892,8005.502270656241,8004.1543885026085
4014.0262725351677,4017,4052.747676067347,4055.299621052548
8957.732099344681,8959,8980.050609199458,8981.532692089893
5995.150867113572,5995,6001.464149994289,6001.313282880717
2891.12104211341,2893,2949.5368239343798,2951.45771262095
5104.042128263563,5106,5201.099195465333,5202.826681309667
3727.1935598202126,3727,3811.7411225379456,3811.547562717733
2711.0290306791603,2709,2788.2865750087567,2786.50771035876
6338.888238321434,6333,6411.695294959473,6408.736397984709
9159.312842466756,9161,9174.433313998572,9176.154477233837
9050.557880054472,9052,9102.101420533705,9103.252907338592
6207.87216954082,6210,6313.971857675905,6315.37894126965
2621.7907425131916,2621,2663.6457003885307,2662.854957875339
5607.833338340094,5619,5659.908716217926,5669.70336604511
2390.8464255950753,2391,2440.5323566022803,2440.6122001402105
9480.377878322532,9477,9591.315640853836,9587.514274618192
6945.716877096069,6947,6979.317201923312,6980.2939352140365
8744.522540747212,8741,8778.568017741889,8775.05726763729
1236.3818255891977,1233,1300.6058731127705,1298.026356144038
4026.3439030906943,4014,4127.145256042857,4118.846906485513
5783.367799980103,5783,5823.108060651071,5822.740260670968
3365.5448096269347,3366,3434.1585951093784,3434.482757724569
571.3908818711869,564,679.407587827118,678.0849014079196
9747.833102426584,9749,9767.616822495631,9768.742934861553
7460.453937890354,7461,7471.791325928956,7472.399053426234
5826.904028736648,5828,5843.77170256363,5844.909201763752
1381.2567951944698,1381,1389.6813554481323,1389.4245602536625
499.37963501787533,499,521.4069197793397,521.0272847614643
6509.5248183233,6517,6566.945460811853,6574.220350749838
4780.725003884122,4781,4852.345049725116,4852.498469647876
1961.4718871671887,1958,2071.1635453936774,2067.5152782354344
4684.06184548006,4691,4784.576244068659,4793.430880086654
467.4763008484123,462,581.1684709063912,576.6196176546871
9199.33325853439,9201,9226.569278059029,9228.227862433028
8134.175961461957,8136,8264.448554179678,8266.324057988417
3893.701979706219,3898,4023.507981749412,4031.7328456501796
7114.546826868381,7128,7148.055340015916,7160.69323673209
1425.857817586395,1429,1488.8532187255023,1491.9543032869326
9422.354671199797,9419,9491.4924212508,9488.123260697963
163.4747041412664,165,201.46839431634203,203.0827136628259
5873.2695788130395,5876,5904.91175423685,5907.7328805213
8995.819238690501,9004,9068.088307947499,9078.518116354982
7799.1458784072875,7796,7822.394292718122,7819.238954166224
6497.750440179719,6498,6576.141109206974,6576.3271519001255
5905.83703039394,5908,5945.446280663205,5947.739172069082
1.1040290656408658,1,27.320870243524524,27.21684117788366
9428.954042861804,9433,9485.835511397438,9489.869565679417
5438.335139629753,5439,5554.797234772962,5555.250490847542
6691.071468994081,6691,6789.613583120364,6789.542114126282
8463.968049481296,8468,8524.844335267446,8528.54286314492
6583.013694547618,6588,6623.032425042123,6627.446524659273
5493.859292745875,5480,5598.263678095734,5588.837488662373
9256.38616489097,9248,9344.514695775164,9336.054667649614
2751.793219532375,2754,2812.050085800439,2813.8881842397655
4602.9979805644425,4588,4699.704842915977,4676.846065710819
8577.23709953559,8581,8643.83798913211,8647.38975659733
1221.6890216600534,1215,1288.1652207433012,1283.2225844596624
3367.209008346761,3367,3462.162580092189,3461.953571745428
9439.121513839325,9445,9526.999288178571,9533.134487709067
484.05512365259074,485,543.6810606774831,544.5416953843036
2148.0125636379325,2150,2209.6231414685913,2211.727303055352
4186.007520724391,4185,4213.453184159411,4212.492951885057
9008.906799326183,9007,9106.115017547643,9104.102932793025
8227.636430894536,8227,8275.431518910327,8274.795088015791
9890.540117010489,9883,9974.830281419843,9969.676960293775
8683.68184618117,8685,8720.095410527045,8721.384845213814
1923.9845187668902,1926,2005.525684010176,2007.269339758725
10070.809151625828,10068,10141.482649589387,10138.808460863564
1818.9830488179202,1822,1926.2591035967816,1928.9055092220756
5552.267139655414,5547,5612.306514999472,5608.350181118044
9034.176056528986,9036,9123.159326569701,9125.403999632905
7730.873965820062,7730,7826.12253334158,7825.2485675215175
917.0918270066588,917,974.8209873991217,974.7291603924629
2665.598385180711,2654,2768.413629042613,2763.283608150498
8161.539791290075,8162,8180.941136856111,8181.445552321303
4991.500074321226,4991,5054.854345851583,5054.354271530357
8608.539098949415,8607,8657.932056402027,8656.452116818276
9866.189674225336,9863,9923.440381028573,9920.808728990893
5951.328466161448,5959,6023.230718896807,6031.710559653045
3532.399922517834,3525,3623.2695200297276,3616.1849040762677
9665.37811912917,9665,9750.84158518247,9750.463466053301
6857.482213484857,6848,6948.0433336223505,6940.16596859847
7243.09802848391,7240,7289.071495769481,7285.874919867851
6808.526631358693,6806,6906.340364732205,6903.503554055843
7034.889127863336,7032,7078.886548306973,7076.175262927753
9033.657570858695,9039,9100.108009981912,9105.548108966856
1597.744549614883,1599,1627.206317417227,1628.5195485953247
2908.2637076417154,2909,2931.6986454436355,2932.444525248185
8079.061467509365,8081,8169.501674237649,8171.590292319291
1645.1202067729914,1644,1661.3709250312352,1660.2453470752355
3055.8334656983857,3056,3115.5086810140438,3115.7719699090558
1108.1022384666305,1092,1234.2719191285757,1222.6078200985457
2083.863134524942,2085,2131.303265172372,2132.3643252480924
4933.070733179003,4938,5008.175111924952,5013.028199279059
5209.126538998755,5211,5270.956030730057,5272.851643357564
8277.196164704044,8279,8281.151881718792,8282.947547842281
2662.8122089922135,2661,2756.32154937789,2754.9071370951233
6935.690080525441,6932,6997.587939240377,6994.665523153836
9394.011590231636,9401,9466.313103405926,9473.213137952964
10015.459218418897,10017,10065.779542737178,10067.134862980618
5163.630668382941,5161,5202.0626052338175,5199.27665668249
4258.653596619016,4265,4330.979428488573,4336.749651115412
4896.463228390262,4876,5016.132817042168,5015.9328360039935
3188.190340990354,3188,3208.328795093943,3208.1384541035886
3534.4690578994173,3536,3571.028154950402,3572.560914523984
2046.7800365427233,2047,2117.598614339899,2117.844205706293
7239.965122580083,7238,7251.1046921487705,7249.117221822388
8936.339793831794,8940,8970.348851221765,8974.710499316689
3020.263054232442,3017,3083.6892148291918,3080.1926949264202
4779.516100056693,4779,4892.281872399875,4891.765772343182
5801.04106735024,5806,5858.445384479464,5863.602679989431
4744.414261133115,4743,4808.838173888212,4807.536143007193
716.3121374557355,717,779.3669673790325,780.0564387113346
162.84819677569942,165,220.63568753092554,222.99293903219174
7339.678541792144,7340,7349.122498396151,7349.44779040903
4757.553569770276,4745,4915.890755246317,4906.105231560487
5981.94345270115,5981,6006.046069559341,6005.102616858191
3151.822096952628,3149,3204.55658808892,3201.301533109668
2798.749655014508,2800,2822.2820458800306,2823.486553200934
4142.14084741842,4143,4165.158369215246,4165.990278703026
5148.846696339706,5149,5159.892215341352,5159.996984307943
8598.72047796797,8596,8652.925957683343,8650.323486983854
8822.64065772662,8824,8830.414070016284,8831.769396226735
134.78166109135626,135,191.12542362836157,191.38885892591512
7622.94850737135,7618,7727.406915368878,7723.077694973194
4643.522839506384,4642,4706.756581821208,4704.959927753907
834.3534883799597,835,878.728683766696,879.3506107943726
8420.53981036877,8417,8479.191673996844,8476.286308127143
972.6198869640695,973,1010.0901410821989,1010.5357713763268
9946.82744874153,9946,9995.088176917327,9994.260728175797
3380.825643144464,3377,3509.596248092828,3506.048611596713
1593.81682217163,1596,1640.9690293789583,1643.3680209364484
4383.307084848139,4384,4433.288803947384,4434.012266110434
8465.15126131996,8469,8490.594527753696,8494.360273174
309.7442540314012,286,443.48281218885955,403.43801654241776
0.08497147696569485,0,28.773223247855572,28.688251770889877
1600.3274359408988,1600,1652.8359533201367,1652.508517379238
9025.140273755567,9017,9145.262624164854,9139.554087115295
8164.996360199974,8170,8241.300234633247,8246.656601910083
8325.578109058648,8330,8408.39785312576,8411.790063661125
8605.1554754006,8610,8658.293386575564,8662.8651159198
265.3412951685914,252,368.2126251247096,347.1043250532109
7738.241461258091,7739,7785.40275616669,7786.111709364235
9449.16497946489,9447,9535.289026151626,9533.011046920928
2462.202657243704,2461,2509.3298662808998,2507.8447868110893
7861.680648348503,7858,7976.668812631946,7973.147053661732
922.9206586567943,925,951.6265331411705,953.8831433292127
9380.397530443692,9379,9421.8342301581,9420.411969797715
5626.447136624451,5630,5651.503771038844,5654.789540653933
6500.857426945968,6504,6601.174216486112,6604.208358929102
9435.379588062491,9439,9546.97306221758,9550.777487214926
6884.863658791987,6865,7020.722107712769,7006.977011612002
1971.588679388162,1967,2062.4890035609424,2058.1825162955984
1842.329644113072,1840,1927.695597764049,1925.6772058796914
9569.613565901234,9571,9620.611181231425,9622.201294910345
6564.008293757633,6568,6653.823438646511,6656.2886067276295
6898.4248088893655,6900,6926.2620852955215,6927.618451256596
9855.88806710755,9860,9881.93791887409,9885.77916284368
5263.337595681751,5271,5345.431762809442,5353.1379795653975
5085.835537431232,5089,5109.517410850763,5112.662120639724
1394.8977753900976,1395,1411.6183070556199,1411.7035939087043
1123.8472460932308,1115,1224.8989689361154,1218.381357755654
5566.835174701766,5573,5609.917180538109,5614.572150078838
5584.896521543648,5576,5677.4723282006,5670.929147885515
3261.8072068055667,3262,3273.5734245583512,3273.777595219875
6258.642246676709,6257,6357.007500015463,6355.463675292348
7547.376103933887,7540,7642.514884428184,7632.762998101836
8217.861089024775,8219,8340.779809238697,8342.555965547092
1536.5249171330006,1538,1561.942072726118,1563.4789220400332
9837.784621199007,9840,9866.767542036665,9868.7762082938
2986.295653237709,2993,3020.67511678141,3027.760370713526
1289.8590574660666,1289,1362.8706465829732,1362.0115891169066
7958.922838440398,7960,8012.12694850889,8013.03532386646
2427.5607804235337,2428,2458.0500667619817,2458.619726438554
3392.055141620964,3391,3504.3576817487497,3503.3772382056054
2095.7439865179254,2094,2193.6275610077655,2191.9395283742347
790.8665693881351,791,818.5206080498253,818.6254157497192
5720.179364335778,5722,5775.580160842268,5777.353530727139
6872.545208972737,6876,6960.602913221543,6963.313861358526
1519.2624079102584,1522,1584.0492715590335,1586.9931812443956
535.2934875156864,533,614.475142490359,612.2037830343334
1828.8313021657962,1829,1894.309745772931,1894.4227886769693
8958.231090263394,8961,9008.371409256613,9011.952842346553
381.93011900526864,384,479.63596954539946,481.913649765204
337.70986081794297,339,389.39778187836305,391.2264499760545
9092.505079530643,9099,9133.724427434636,9139.869930139133
4860.149888707778,4856,4946.679444541739,4943.297562531021
402.3936988615839,399,527.9754957462201,525.0684482382209
9043.754650788127,9044,9141.780857590653,9141.889180589558
8580.341679830251,8581,8623.765325455213,8624.40542331673
3645.043925787046,3647,3741.77378109779,3743.7279683177467
8721.8351958568,8721,8737.239568714092,8736.404372857292
1674.5575693457342,1677,1727.125276812763,1729.793831190636
9154.872687570934,9151,9261.649269343787,9257.675283134791
3012.173634529242,3013,3043.1851539326544,3044.0661341794867
7335.831647376696,7347,7377.670964721609,7389.200643427682
2346.4491768039643,2347,2394.1463545447396,2394.766245725438
1009.9988378718675,1009,1049.0411420936985,1048.0423042218308
3593.280449159298,3595,3689.934707945744,3691.657991153151
8093.47107740942,8093,8206.205815058458,8205.734737649038
3085.603651438088,3084,3153.8330407638887,3152.127738815007
7921.204103648275,7926,7992.981198611179,7997.660488426587
9951.864429332458,9951,9979.721963165766,9978.857533833308
3520.258687148443,3522,3590.3828488389263,3592.0763725494967
5288.687187923836,5285,5359.557879132609,5354.824724986755
9235.002413195487,9226,9327.549506750942,9318.131562137396
10052.541975527463,10054,10094.305833817187,10095.704944485979
6702.477657976149,6710,6798.206520599738,6805.916524432973
5107.010766872702,5105,5225.5440135493955,5223.711791845975
8829.386765808169,8830,8861.757948696615,8862.349205813372
9487.967858547445,9495,9544.91861369491,9552.4395065609
901.8854522011201,901,951.0923318638781,950.2068796627581
3990.0496301690187,3993,4024.635020120714,4027.3189241157484
3210.670006659994,3211,3229.066429351392,3229.507644995404
1580.159283241277,1581,1614.4407372904789,1615.344492706537
8453.736289714614,8454,8501.299749465396,8501.342615716452
1142.3062585008365,1132,1254.2174542711339,1246.0241530751455
4064.163860685316,4057,4138.458480439337,4133.130418099969
645.5428141441871,646,670.613397898527,671.0269559601337
9641.170465972868,9643,9666.598760542704,9668.373167662383
9982.08422970485,9985,10002.86486021681,10005.687966216205
8696.337709634103,8698,8713.220032406027,8714.859925698462
8937.500527428176,8939,8984.930073131953,8986.911348187496
9071.713846076544,9080,9154.074030777874,9161.334609642345
8495.37542302754,8499,8507.414793831915,8510.976902966559
7744.073558698186,7744,7760.136584355425,7760.0630256572385
2268.314728847974,2260,2356.904178427904,2350.7961943447735
5011.51523317723,5013,5069.182250045346,5070.978104142134
2017.0173377318433,1990,2108.140964301936,2098.319723036472
7747.444587819799,7749,7776.090401690944,7777.70893618947
3191.395558620906,3181,3289.7232719487506,3274.8420922640307
2222.383159183755,2228,2312.1863925735647,2317.3392489744956
5878.824666512611,5880,5902.983563382559,5904.2117390460835
227.95958102775714,228,252.8541728252729,252.93539243011259
4670.393737145006,4672,4717.9286734584075,4720.0131913149335
3107.8229632431207,3100,3193.33215376489,3184.645812012839
9440.625800901744,9438,9542.373038483036,9539.677087106586
2198.063728702023,2198,2304.223172148155,2304.1594434461317
9110.85743017257,9119,9178.990492268013,9186.826614565816
5842.910279059243,5844,5853.445274740192,5854.560832506226
8695.85077598642,8696,8711.421012877225,8711.554182061107
8719.440265247818,8719,8742.798144128474,8742.357878880655
6834.955805830443,6836,6876.578014645552,6877.372276658405
7544.798116312094,7547,7616.785454222682,7620.060668599571
2594.869670386949,2585,2714.864293600887,2707.903351279581
8064.385196190151,8068,8152.70655805679,8156.738810765364
6453.879764004039,6453,6499.307987248084,6498.428223244045
7076.898924879112,7077,7092.364873862804,7092.434432723949
6299.593613364249,6298,6438.596365450277,6437.072385788617
5941.954706462163,5943,5965.4355502289445,5966.520873784812
2294.847616592951,2295,2311.9726673585724,2312.153889614845
6925.522268690174,6918,7024.665103292493,7019.042715048483
7940.731238849187,7938,8060.385888207141,8057.776116681337
8967.992554395258,8968,8992.690424173083,8992.79038466898
8085.336324264705,8087,8098.8001644069345,8100.4878669239515
8014.713765066057,8022,8110.473115315716,8118.328011921421
8770.64431544524,8775,8837.951979873535,8842.317047777715
5895.855743079223,5897,5944.573674046139,5945.808686298219
1433.9380940475933,1436,1483.5564054480133,1485.5779696364445
5831.508970239909,5829,5875.193160909759,5872.644769300791
7299.986731334221,7302,7365.497519388782,7367.731054061281
3055.8762068455685,3059,3108.3258041177464,3111.744656550816
5223.817581057443,5231,5306.793961388399,5314.851787231151
3076.3305919330755,3081,3138.0084404090258,3143.052752162045
1927.620371613694,1928,1965.7102922105064,1966.0479063927044
7793.6054779808965,7799,7852.7586339158415,7857.866721684415
6728.816220009514,6727,6794.256700726437,6792.032998362137
6634.798720047255,6636,6644.837140554256,6646.063494150485
9277.582265876086,9282,9327.962030158587,9332.41282460596
4503.515825278148,4503,4573.987084194168,4573.47125891602
5677.694861944786,5690,5735.045706862769,5746.279475321936
2941.9398671062218,2939,3022.1523116338726,3019.137717791813
8428.52025298066,8429,8446.206754035955,8446.626167608356
1015.0961502964868,1012,1108.4841487648819,1103.8112060562462
8896.126549223189,8893,8951.035315059587,8947.093224840282
7375.76228760209,7378,7437.682399107804,7440.182225783433
4615.819068246112,4611,4678.806020777586,4672.514142301614
165.16445387512408,164,196.64303480926128,195.42486573529567
1463.9217543461443,1465,1490.0470892913002,1491.1323785868858
6936.448669533306,6945,7021.970479344331,7027.944020063511
5456.914891027322,5453,5527.629261155208,5524.4208947989355
2784.9891713239554,2790,2856.1195214710506,2860.480526990767
7859.0100871643635,7863,7899.588094173865,7903.515313925617
9794.498608957292,9788,9881.15578332454,9876.322576471286
3851.7495766795723,3856,3877.1099418012736,3881.573425661494
537.0461006195956,537,577.4208456530951,577.3747450334995
9089.272138237564,9087,9188.33817004725,9186.370061213074
3730.639992714634,3736,3798.2053110368142,3804.366399550311
6260.612455040226,6264,6357.450393584337,6360.519424694073
4799.013522269055,4796,4906.426496230681,4903.531837801829
3278.292950329813,3278,3340.747768486789,3340.454818156976
5485.115042359378,5483,5549.143396221948,5547.564179695488
7543.142751025021,7544,7574.8834701467495,7575.878645528852
983.4874868787095,981,1051.744518934619,1048.6806195661584
4170.08534597582,4171,4196.95465326916,4197.837829696787
4396.9391544231385,4398,4441.913048441973,4443.026194463018
4424.970594167706,4424,4460.057716714389,4459.0871225466835
9061.710629777488,9061,9092.392520096428,9091.68189031894
3388.3045952065845,3388,3473.8517641126255,3473.547168906041
5570.308614301063,5583,5631.070461271227,5640.73925660327
5852.712923988537,5856,5875.39530627558,5878.784065497738
1036.082174172716,1038,1120.6308782730887,1122.7544908546142
7986.688392981701,7990,8088.330844748034,8091.794783265155
818.5958686741901,820,889.4255125656978,890.4241297766289
2520.087865676357,2522,2596.3016742542472,2597.932867880172
6419.96593128739,6416,6489.60759039681,6485.78985750556
3286.150963387249,3266,3443.9299299054246,3429.5286188203345
9084.4456024923,9090,9154.409530050276,9158.950890199605
6076.982237958455,6076,6127.012702414414,6126.030464455959
4099.378389056903,4088,4206.842193823186,4199.347787041105
9297.818526545881,9293,9407.08221679122,9402.164715908511
2247.7584942256503,2246,2268.940436209356,2267.243825501849
3320.850379294923,3324,3407.699054453228,3409.8007336285955
463.5794071937247,462,558.5108274654314,557.0331797764952
10077.457156090924,10071,10150.755293474094,10144.43936815165
1502.9296943688294,1507,1555.9791355009397,1560.2461646764923
2526.875717771757,2525,2606.302888454209,2604.595293899334
6471.273027472663,6475,6514.713234762363,6518.517751334182
6065.309116575574,6052,6157.823499687448,6138.825371142727
1475.0608844891276,1476,1495.4900405797162,1496.4477815522384
4638.150977682147,4631,4720.8421307118715,4710.569899986641
10000.011748327406,10015,10050.945923757381,10065.289838155672
5713.583329971278,5718,5733.39810738097,5737.73932721431
1622.7907690904988,1625,1673.2985976383086,1675.696183228534
3974.689775754065,3968,4078.630651864258,4073.380407941699
5731.529476950245,5736,5758.763615736001,5763.203058899619
6914.074160540168,6916,6936.983778948684,6938.846952467258
2383.949578963038,2383,2405.6760849453053,2404.726505982267
3369.5423859131106,3372,3439.391268103929,3441.7311840965235
2358.7368013272026,2355,2449.5625267284736,2445.315962922823
9651.865677779242,9648,9771.622239320172,9766.949320929538
3071.078159028869,3075,3107.775677614546,3111.997766270503
4590.23131419653,4577,4703.878313061992,4680.913555142551
8380.301988841404,8384,8390.971192044835,8394.51387558009
1561.109592192957,1562,1596.6604532524593,1597.62295035841
6746.146513172443,6750,6864.407599431392,6870.202548182238
346.3404272525264,347,415.4693336143644,416.45204954131185
6257.72657577315,6258,6334.801610150918,6334.963585362966
1730.9228491732683,1724,1797.0840705559797,1788.156470233867
8592.214775348584,8591,8653.805814885009,8652.649744764358
4655.311229843586,4660,4784.454645184152,4791.639006155085
2566.587559674752,2549,2693.893641807948,2682.5260874812307
7739.607292581699,7743,7779.264124840129,7782.589567788376
3314.801951308301,3315,3398.0174238303616,3397.9173711012363
2472.07445337689,2476,2582.5021254752655,2587.8653530078204
3982.6160436138525,3982,4020.598882509675,4019.9828388958226
5349.227859374491,5349,5471.945558365045,5471.717698990554
3697.318542727712,3701,3784.4823993949426,3787.178086366239
5651.025005564782,5657,5703.08831727712,5708.491968820115
2168.187202203688,2169,2256.1777860349052,2256.991340341315
4348.980791196164,4350,4385.843487400549,4386.851534992832
4386.284052922647,4395,4438.622020420313,4447.801542637837
6812.180275719355,6809,6954.707986826281,6951.44835627642
9209.752043296612,9211,9216.679670083244,9217.928168767821
7529.578098866565,7532,7572.951326566401,7575.842355163173
2772.2926693777285,2782,2833.026366704949,2841.796532482432
8897.670980985466,8899,8950.462619278689,8952.437098633192
1506.9917794079508,1507,1553.703999695025,1553.750588371976
3572.978784457319,3575,3627.046930987903,3629.4522215297993
4949.9968417090395,4953,4995.7344366368225,4998.634816748015
6802.1227565169875,6801,6893.767049027844,6892.368314943013
4525.160955657552,4525,4601.0469730195255,4600.886017361973
6329.268315188955,6306,6437.074103917424,6428.743263196783
4106.845876747627,4107,4112.152822409436,4112.286687651145
10017.836653613796,10033,10057.238623310132,10071.96928613348
2004.3591662554056,1985,2109.927327329792,2100.9131065935103
1577.826037986514,1579,1594.3046654578661,1595.501911233311
6054.833489125378,6038,6146.197386507942,6121.353920492814
8914.92625634318,8913,8928.795649231566,8926.800704871932
1562.1002845508492,1563,1622.957070842106,1623.9314264018703
8450.701037660896,8453,8541.697760361965,8542.655845051084
3134.678911022483,3134,3170.3930034316536,3169.7140924091705
6413.157281973116,6412,6504.001680337882,6502.896306059961
5918.072563455485,5916,6001.496910244408,5999.2692661586725
378.5597787231956,376,478.49467878768536,476.3421563945204
7102.751352323099,7104,7168.418505343625,7169.472276044514
6088.862481104923,6087,6162.568692386667,6160.303838936381
2912.919430360226,2914,2927.295306426626,2928.4007465726604
651.9672286446831,650,716.9436666209426,715.0032960329237
8656.671288621672,8664,8697.224103999912,8704.465979737488
2668.578193071671,2669,2672.8195256865924,2673.222374263473
2725.1388541402703,2729,2780.8082791754496,2784.232736408013
4474.291974260027,4478,4528.056046079443,4532.061734174421
5716.421660174431,5719,5751.9052388258415,5754.396450742924
9288.119584279304,9284,9366.23420747039,9362.304441401999
7123.561511732371,7121,7188.423710676946,7186.0204179924085
4492.694269804458,4494,4500.081824579442,4501.385725722796
7581.944990038406,7583,7751.605082184686,7752.757048443766
2307.2834959748166,2310,2390.290147371286,2393.219692031622
1895.1660321133,1896,1981.9090895317406,1982.5880659698073
9560.972819245317,9560,9584.974085337848,9584.001266092531
5437.573844856268,5438,5477.44057100866,5477.75732234409
4762.878186886972,4755,4884.433602236629,4878.324085066001
5402.961294919851,5406,5432.991496761057,5435.821628803283
1712.66662626819,1707,1769.9250081936423,1762.7076244562297
649.7317440469327,649,661.8833662314572,661.1516221845245
10018.587126777331,10020,10038.58151855641,10039.97998333203
4769.3549158007545,4761,4907.396678480025,4901.441708355608
5897.895282104253,5899,5907.699349781676,5908.805801531033
3893.735444274927,3906,4021.1485270012417,4038.238179264495
2405.8391679219767,2407,2439.043973916657,2440.6928235413043
9887.529875179327,9901,9922.701384131726,9934.275880647072
465.5966610638366,467,529.6144865718918,530.929219545665
2749.6909672972015,2751,2762.3864339470347,2763.6924234461426
3735.4836901869953,3740,3827.8416160242077,3832.8803900724147
8175.421159136069,8173,8251.888314537851,8249.125524229072
1736.551688319761,1724,1832.3670657566718,1814.7982596901907
6642.29280088496,6643,6670.193178634551,6670.927853166272
5873.569710391395,5875,5918.020474577456,5919.501417762062
44.65806960987885,44,62.675596720913454,62.01752711103461
1050.3231825804303,1054,1156.2952945174388,1161.3360523112672
1009.206271040026,1009,1036.80784249138,1036.601571451354
7157.427813517477,7161,7218.913135483538,7222.279795787355
3301.874004725954,3299,3411.0525721805907,3408.2621107794394
7500.414338722558,7491,7612.4479178817455,7597.457236174085
6336.516347778354,6340,6410.963708340196,6411.89987028957
3441.8977470798923,3434,3522.21499284384,3517.7521958238117
1401.6516299994264,1404,1456.9719631671608,1459.1815226972585
9358.474592422122,9360,9408.271494902425,9409.795499354781
5208.489366295708,5211,5276.3052710239535,5279.102097603657
111.38091030560383,110,166.42128853022493,164.9771954000207
5820.502190565714,5819,5862.746867276027,5861.228382912752
9471.637366168134,9470,9574.598530659805,9572.886239844614
1827.3604117733462,1815,1962.9133100760214,1953.7742705944502
8575.084803420637,8581,8628.51678795258,8634.238975192044
6174.385544214345,6174,6226.470167887861,6226.084623673516
10002.820533711947,10001,10034.460973551519,10032.685304384415
7734.015222733324,7734,7763.442196741921,7763.426974008597
5829.241346112761,5830,5874.939384248354,5875.696851379082
519.0074256210376,518,602.9408749141518,602.0187108083728
4590.757636113771,4585,4650.412554108176,4642.859990203488
5503.837368292929,5500,5573.46873676714,5569.935384728682
3320.689590193441,3321,3327.734839235373,3328.0296923530677
3632.336806725554,3632,3710.7416281069727,3710.4048213814185
780.1594659734009,782,819.1688041187698,821.110395248363
1134.1169778844567,1111,1257.7954130005564,1243.6709855833176
4143.535080362539,4144,4210.607567807414,4210.993851779049
5590.1388963227655,5591,5602.242265682529,5603.0839071938335
5211.690251592971,5211,5266.408194169964,5265.717942576993
6774.153584798776,6776,6894.863396353602,6897.596597832742
9933.034118928632,9930,10008.008586633738,10005.180250563028
4844.324497154867,4845,4877.237198642078,4877.900721278749
3747.3414748548203,3749,3770.275242070581,3771.9485534809105
8688.447388427103,8685,8739.379615667442,8735.947547739492
9738.721033907446,9723,9868.945538071113,9857.975249425268
8086.448654125751,8087,8097.721193879003,8098.2459577468235
5102.390697725937,5103,5188.855749582866,5189.4065882346895
3268.049500324247,3268,3275.6297857865397,3275.5802854622925
6452.75193997836,6455,6534.353760179415,6537.177015883873
3045.9107637202887,3047,3064.26340772843,3065.414047323636
6307.8687324082675,6290,6426.60031356329,6411.255995611932
4963.282787763842,4966,5002.187040768282,5004.830764316133
4366.451808538065,4370,4433.377414066471,4437.103309873444
1635.300096345538,1635,1697.2547684403933,1696.9546720948554
6709.873378080289,6709,6761.8082640602415,6760.934885979953
7437.249381115298,7445,7506.034066448736,7516.598285306023
4207.583244576706,4209,4215.204069721577,4216.594913586947
5468.510904306152,5474,5554.631500894614,5558.677589594048
2696.4356576762225,2698,2727.8360449647075,2729.0654037924405
7861.655607446032,7860,7948.560650995547,7946.898605974325
6880.318525482605,6869,7000.779844668721,6992.954955192655
1508.3900783793783,1511,1550.7724579886,1553.4642398973251
518.0533238772495,518,555.693498241038,555.6401743637886
1773.3606406524395,1783,1894.2761192236376,1909.2175728888535
9480.16657892988,9480,9523.441942218207,9523.275363288327
5730.595101088121,5732,5745.857487662613,5747.200696264973
4513.686377998592,4512,4574.517804062836,4572.798787302798
2571.8986812273274,2572,2593.708897053902,2593.7719634440696
3686.0216713790937,3685,3730.9844464371736,3730.153501414981
1764.6720108260274,1758,1844.67687726378,1835.849269461727
1405.177376239548,1407,1459.5305334192562,1461.2892903339816
9673.945750595276,9675,9801.502910449355,9802.832678584866
4762.109307445578,4760,4887.409253335744,4885.977255949475
1742.6909517191334,1733,1831.6223021086603,1818.1172597343689
1068.7374821807873,1069,1102.746159442588,1102.8974364245
7259.3712960652165,7263,7280.063618071906,7283.730117346426
9853.338042392807,9852,9906.287742126515,9905.072926499794
4796.0627874585,4796,4813.135034325167,4813.072246866667
384.8019007581458,388,502.9259991059977,508.1015854150685
5126.219607211463,5126,5169.917846296223,5169.69823908476
4445.868412960255,4448,4465.315437859178,4467.515236767649
719.7437647851182,721,813.220223226794,814.4646544887523
3865.83318199871,3865,3888.861665989893,3888.028483991183
7255.761578464952,7263,7298.116562420025,7305.470141648925
1429.0429566496227,1434,1479.0455136414862,1483.9089733249425
7625.59984629394,7625,7686.291516408874,7685.691670114934
270.05805620576047,262,332.27931097763985,321.53184989193426
5909.1754970190705,5904,5993.455760272058,5987.8089406080335
4155.648150995041,4157,4173.686953829451,4174.976153975738
8253.333530513857,8258,8348.093042341668,8353.894644908374
768.3845193965744,769,800.6312307510725,801.2463446550813
7615.807983328592,7622,7711.325645111021,7717.45768338771
6999.585464003712,6972,7104.519763883882,7090.5359842557
9263.045072629502,9265,9312.882669618626,9314.877058330732
8163.0270476129135,8162,8216.32359820862,8215.19786197863
6827.351620910814,6831,6890.802932345964,6894.444689188358
3395.808366816721,3388,3505.786422220228,3498.6768634738564
9470.553270848262,9474,9541.472730664093,9545.124526307025
5610.226533995965,5616,5658.240578771311,5663.431789442228
4973.5225457329325,4975,5054.921829940334,5056.348995229187
8362.3691408666,8364,8373.976938977734,8375.511967788989
9765.749221069462,9742,9909.3563308071,9894.903689076547
3518.1668973481324,3520,3551.6750664017313,3553.4925265785128
5729.603000992915,5728,5777.57559618701,5776.006468585612
976.3537084539633,970,1070.99950745735,1062.30345078713
9620.882570521051,9622,9658.623457211652,9659.820084964816
4509.322139467223,4507,4589.978355700939,4587.488247305105
1139.0598130227897,1133,1233.3462600962039,1228.7500167371988
661.4174100164091,661,693.7341728513812,693.3167628349721
4516.871910075869,4515,4538.18511679835,4536.278768454719
9310.160686435314,9310,9319.947206589022,9319.786520153708
7540.289255951309,7533,7634.6099625241795,7624.69818035552
8421.852039191259,8415,8491.611085237619,8486.140804365397
2081.246218295703,2082,2131.005419588093,2131.767218213193
3127.4530728519308,3124,3187.0256277516773,3182.3802727496754
6359.48558045223,6359,6370.69305678836,6370.20747633613
9521.991989702827,9526,9590.889542743585,9595.36928660881
1272.0859914166074,1273,1292.1827609679626,1293.0694062634402
1515.409393495198,1520,1573.7143673073608,1578.651017037542
9811.981159731527,9814,9834.005121304273,9835.769966367758
8375.311972622274,8363,8459.22688475345,8448.746713006149
6812.739108352945,6809,6929.169265917255,6925.327032354394
2542.3563259284356,2542,2606.12030082841,2605.7639748999745
512.7898714431427,509,624.0580481892367,620.5904467685516
29.605185894486425,32,103.96146034196634,106.4387001220656
5172.542413199172,5175,5239.409089353703,5241.92982014189
4171.927715518534,4171,4205.565939816821,4204.638224298287
9197.105625801698,9200,9283.162797672423,9286.021521211194
6998.176206140268,6995,7098.15736103606,7096.478146210141
8767.020860340983,8783,8813.18097511036,8828.983381021957
6002.576475764274,5994,6092.830401038062,6082.403053822442
1599.7107702757717,1596,1670.934656163179,1667.0680945176564
8502.040047732544,8498,8560.053828340575,8556.141250572487
294.6154956451534,287,359.55861966112616,349.40879419640316
286.2660641043081,285,315.8821155785899,314.43967102280135
2327.853996453794,2327,2370.345705287331,2369.491708833537
1152.5100779857264,1150,1208.542793718183,1206.444800873015
1303.160190965024,1303,1321.7867652794519,1321.626574314428
5484.882860109188,5481,5569.336407683,5566.467487762409
5152.289496027597,5158,5180.50995934148,5186.063568510229
2160.525903902369,2161,2253.372144972369,2253.8948193042465
6276.969460039686,6275,6360.238694458069,6358.2749377847485
7143.246546340107,7143,7149.799767849919,7149.553221509812
9999.682744762276,10002,10006.500618920767,10008.79263543257
829.3121719061257,831,866.6523820720753,868.2058292291263
5435.411627251097,5434,5518.912877541992,5517.671985711376
1441.4570165477128,1446,1470.9081520250966,1475.3821177317898
6904.668596439602,6905,7005.711149399052,7005.871690976012
112.5860908909022,113,127.11749958849978,127.54964528866523
6889.810972163711,6890,6905.593916585728,6905.738642430757
3939.5717304377245,3939,3967.664653188162,3967.0929227504375
322.19214251470476,328,458.20187407066766,467.77707402372596
1228.0746306802987,1227,1265.8323782745392,1264.8862733251506
8670.248741000923,8684,8730.646444611455,8744.075406801612
8108.283535370264,8107,8130.879980400552,8129.560396042905
5303.878317090154,5292,5393.692581136732,5375.765433349478
4943.459822863416,4951,5013.842310047345,5021.247833531683
2035.2229882922866,2036,2052.575562589001,2053.3066680047677
5895.942917425103,5897,5950.156011852957,5951.322498407684
3892.243222432625,3892,3929.188336466001,3928.9451140333763
1758.7051867545001,1739,1880.326496968031,1849.524074447223
5205.721873245515,5205,5247.560282390134,5246.838409144619
577.8633519027493,563,680.475536801474,677.3455540312527
8592.457764525807,8606,8661.567120931946,8674.511822447466
7866.701876874341,7881,7983.244107620626,7995.858558057648
4682.868638166639,4683,4744.784256124565,4745.041190860615
1406.4915418998944,1407,1452.9363390170743,1453.3970885000904
7607.487484127829,7609,7683.994213737357,7685.1728556916005
6215.9388863797085,6216,6345.700539650444,6345.653897002682
1854.8506649621827,1854,1966.7913674242063,1965.9407024620236
5785.481389562981,5789,5809.163792736263,5812.731528152094
1409.7745755253347,1408,1463.8410012811357,1462.110210222694
1090.4505419642903,1087,1133.9692686976673,1130.5180797583832
9501.332275822127,9498,9613.198139970737,9609.552575592694
2239.2395918372413,2240,2268.4182255696574,2269.105735581516
4712.212283426912,4711,4793.665320176363,4792.410127092488
5828.398986731997,5830,5861.252673927684,5862.9387439607135
7305.23254004295,7306,7330.11373887815,7330.91780844912
3968.9578785192793,3968,4055.401471152006,4054.4435926327264
4768.327580343615,4770,4821.638121283663,4823.255429664996
4865.261520364059,4863,4908.85688641308,4906.712999184593
5963.072407681869,5964,5982.351127929433,5983.3162093182755
8943.353579806646,8942,8963.34934091479,8961.897213347733
5779.552898159793,5780,5816.934101565744,5817.385369338466
5971.216026914913,5979,6037.817895296035,6046.472763178303
2076.689022038997,2077,2158.2940237460084,2158.5982821860007
7808.646883794026,7808,7872.1693761086235,7871.522492314598
7159.959272336988,7164,7223.805794498307,7227.419709700471
654.898295193973,656,671.5475322656407,672.6223585968152
3190.1474695417855,3182,3332.267295570137,3318.0424674001533
8802.870502668515,8803,8831.82330094162,8831.977029345418
9190.426939336228,9194,9212.959378287049,9216.558798304211
1827.4159156352957,1824,1895.831803184089,1892.9657407421826
6228.667444538403,6233,6281.059253490633,6284.983914978992
6841.183126106264,6830,6970.978103285264,6960.431771086663
6468.9736216686315,6472,6491.339597977783,6494.465768428083
7044.920968716608,7046,7065.825443315446,7066.8661307313105
6980.523826925476,6979,7020.644551725927,7019.346632653842
3519.9133187403363,3521,3602.221788430302,3603.19448854992
3375.1393649511956,3377,3390.4241690966696,3392.2225438561636
1394.432430176361,1398,1441.0946672033265,1444.4922553901704
4583.78358393675,4577,4660.366207335509,4651.261786245681
2856.7900195783745,2859,2901.2206412796977,2903.3828825124438
6210.281555879129,6209,6274.498489243743,6273.379300858132
7637.61154373875,7639,7655.419747769438,7656.712109693602
729.118251154167,730,804.9508484074029,805.8514510799187
8240.829789826385,8235,8337.496033420151,8332.481825010134
8805.724304358228,8806,8846.945407524643,8847.241823065817
2115.235100565889,2115,2188.6876446629253,2188.4525440970365
2754.47273208733,2759,2792.6564892950637,2796.8449929177636
605.7216878788416,607,651.3625832290344,652.554024583193
6340.534373003797,6346,6404.331493727052,6406.925393293369
6885.281602792428,6884,6921.787014651147,6920.570516123498
7429.629712672902,7419,7516.979002996675,7505.266578944801
3303.3694999096006,3301,3419.881128729268,3418.0907592735493
5664.700191552919,5665,5721.496841377023,5721.72839718349
7314.2070437617795,7320,7329.980110234822,7335.944411519738
2084.8712344072364,2084,2152.43672221824,2151.5654878110035
10024.010419977778,10024,10048.040836070277,10048.030416092499
10023.206316535186,10028,10093.592690468333,10098.105168157806
6451.134379947502,6450,6518.908934013014,6517.606193470635
9529.964975942481,9532,9548.522696890588,9550.62589554258
3691.5038282995006,3693,3737.561335432957,3738.692205988052
8353.779862811452,8334,8485.734912056618,8474.298021621255
5536.5822945538575,5534,5587.901362212988,5585.84191663441
4906.030909341016,4901,4981.084648124929,4978.404479048362
4962.143885049328,4965,5041.259484785934,5043.967077679752
7453.872643475556,7455,7468.630780481583,7469.983505713784
3.173840589039905,4,36.17962054680253,36.99745368503229
830.7608471882804,832,861.1878421746987,862.3772516798881
8198.802505553487,8196,8282.184853371115,8279.18214522117
5047.974839134446,5048,5148.70199525314,5148.645662346184
4947.479903209169,4947,4982.6265564875885,4982.14665327842
5489.8090462088385,5481,5572.236774413624,5565.854933557585
5810.646685770654,5814,5835.012875897448,5838.495837603582
5162.570646236795,5170,5237.8902070314025,5246.342687085792
4400.969540249166,4404,4436.729361370157,4439.878500506919
9442.3801484169,9445,9533.839321935846,9536.494247670136
6283.299496588608,6283,6350.508627958399,6350.209131369791
7487.805112737885,7483,7545.7565144545,7539.729560206761
5480.970378389293,5462,5596.761175284554,5584.737651790351
8145.470313930038,8146,8160.389685647315,8160.921978787062
4186.84941449075,4192,4223.972354569084,4228.599979404738
1493.1725451042016,1493,1504.2670903286576,1504.094545224456
7439.579537968427,7435,7493.225241718997,7488.430861766632
9194.030460215496,9199,9278.76293280051,9283.864756389497
4942.122769084589,4943,5003.842793041988,5004.656073739974
5523.318895262998,5524,5551.1710513879525,5551.810250274529
336.867084554263,345,470.18926005272095,483.81627270448996
475.4570441748833,473,607.927627102509,605.652902166523
1513.0441415378646,1514,1524.588753395923,1525.5634085720123
4208.290307546932,4209,4267.993499642034,4268.604051610803
3648.299788567638,3649,3743.6563683598524,3744.3854493372774
525.8617351421827,527,559.6097701818205,560.7278297498178
6875.240252366543,6874,6892.761196695206,6891.556572419208
1217.9366483872675,1214,1294.5832012007868,1291.402286302506
6419.597839790208,6428,6501.199024648652,6512.638514742496
6348.55108416956,6349,6370.664375127307,6370.989880851164
5157.146501234416,5154,5219.173774342166,5216.013243435773
3986.8098962388917,3978,4095.596168148508,4088.9273315062237
1743.5346123625193,1736,1827.9038720166811,1817.4620014230545
4952.225098645641,4953,5002.571284792272,5003.292613447864
2979.0546231305534,2984,3034.6688788951606,3039.8531787926436
6671.953400883407,6669,6744.930150752225,6741.714742209148
5092.183633855726,5095,5182.682066467684,5185.376905346078
2019.0275691024638,2004,2111.588940315422,2108.259135780186
786.2525678802369,782,905.3303936030193,901.2089433493453
4759.298429445784,4760,4768.211287849456,4768.919059155842
3491.9829956169738,3491,3549.5940004186978,3548.611004801724
216.56547245663384,212,295.3312783965578,290.24684090458567
5105.316466665146,5103,5201.412149455631,5199.295460014486
379.9047803530252,380,434.21988773802804,434.35192711239193
9884.109241830001,9890,9931.549687868077,9936.446397457856
7978.08078393656,7979,8048.332276709202,8049.245260391581
5472.576697321907,5472,5505.149989817607,5504.5732924957
2258.2902102282515,2250,2338.9177069459442,2333.0653437013293
1422.708348264254,1424,1459.2393568008115,1460.535739378482
1691.7864981590537,1690,1756.2426648124258,1754.145722306774
3904.1799364689205,3908,4012.0274001325924,4017.538168636277
917.8343181458297,913,1018.5540306502878,1013.2512823142879
5246.329236176084,5241,5343.234955443319,5337.356758934353
3028.2063653228875,3027,3075.3355864997275,3074.0807148469903
1854.1218142818466,1851,1946.2017124696358,1943.7118066811704
2026.7577622853898,2027,2069.408214442772,2069.4107232823485
2831.217206790977,2833,2851.9482176300544,2853.7194923807874
4967.479637510076,4970,5000.739679958046,5003.224186619623
3645.283567496931,3644,3734.453624354167,3733.1368497707454
1014.5634777273558,1014,1108.9531735011467,1108.389695773791
2081.4819175803264,2079,2168.296179481072,2165.8939976785023
9735.518199210734,9726,9870.824927082747,9863.558628822766
6065.820180995031,6049,6195.663914739324,6167.828383143159
1714.6122424056502,1704,1795.0468885885834,1781.213148827631
9489.76754233442,9492,9523.866700271483,9526.22349859563
5825.807861359833,5825,5835.979949339781,5835.172087979949
7214.1148260753325,7218,7249.893275150205,7253.755387586703
6943.226244978697,6952,7026.857967018077,7032.776506610956
1609.99057549694,1607,1662.0757363859548,1659.0681846609136
6118.106963938901,6118,6152.385636357292,6152.278672418392
380.59944392543525,376,484.8724198008614,482.41570938435996
4268.870533192617,4281,4323.872487676795,4335.190607755589
136.26304884036477,136,200.53696553899255,200.27391669862777
6435.3017672645055,6432,6505.485804920059,6501.509824752189
9966.027987893163,9966,10001.090263041138,10001.062275147975
9939.163428280732,9935,10022.582463420058,10018.882211969154
7717.298090405978,7721,7764.910004010099,7768.686932118238
8160.405378060447,8160,8188.218300687717,8187.812922627269
8459.402499738433,8462,8481.637982416509,8484.030802058003
4907.2016038865695,4910,4939.714482525498,4941.992610092346
9060.546586403894,9050,9176.812351425411,9168.423387405404
9929.788183592013,9949,9986.426949211325,10004.09355074348
7434.283999301997,7434,7444.5766826575145,7444.2926833555175
5846.41110197249,5847,5861.828216992369,5862.438139311841
347.7445087212167,346,481.1630330929272,479.03924634239655
2318.7832131186283,2317,2418.0099357796685,2416.1432974466506
2415.7441386371147,2413,2462.4039929818805,2459.181412573776
3684.9300139314073,3688,3730.250612013127,3732.7034318223464
1868.3043695537676,1859,2004.5521158431416,1998.3941086312993
3892.480274884753,3891,3979.7864786355326,3978.0567618051427
5335.703324228999,5335,5375.754757488026,5375.051433259027
4756.4023927240405,4754,4882.529930790665,4880.832188621271
9580.191542323402,9579,9672.668706371896,9671.274711760958
3208.6039555210837,3208,3257.0098007855895,3256.405845264506
700.5362479024226,701,815.1388794872571,815.756834604359
6478.94844777894,6483,6564.519708600953,6568.348978878772
1552.0562055802488,1551,1580.2719156358098,1579.170546413427
5504.700889016242,5505,5530.946241197396,5531.171910613633
7954.955981333438,7956,8029.72127418194,8030.807520883687
3678.758988387422,3672,3791.2348397592514,3786.2444358860143
4370.120546092777,4372,4421.62001164206,4423.507746374251
2145.5162917427806,2150,2219.413162616905,2224.0760757434446
7062.368330779214,7063,7113.502085127193,7114.065463123025
420.59011463218144,421,482.0089335784586,482.29437809107003
7026.622296612712,7024,7082.497515840331,7080.039905414473
979.5330485356302,980,1012.920886102912,1013.5389328829118
3157.022692055464,3155,3199.393272214922,3196.8025614021954
459.69978350894934,455,584.8838723369736,581.0126580029655
9009.60155797853,9023,9094.534025880796,9110.54600652038
2323.352831061344,2323,2351.7202292092534,2351.367398147909
3011.3833159554683,3012,3091.6190675858015,3092.2913837396222
7493.366646597827,7472,7611.9357472278725,7578.932039600577
2311.2405817850245,2308,2369.8221599861627,2366.4929595628105
4750.245729574808,4734,4903.346094639498,4891.837099312183
4642.7519601864215,4652,4781.49097180513,4796.9129805189195
1734.9899547493578,1731,1799.58672948936,1794.8598469591836
5845.0666405428965,5846,5888.174004752777,5889.2241504096755
2465.8004041017603,2452,2578.0946824205284,2554.9293234488177
9642.591547792905,9649,9715.740452989956,9722.974246174943
2371.989771057256,2373,2473.8968192629723,2474.830806356567
10061.434714910938,10065,10086.531404943356,10090.075326934586
9338.181432591628,9346,9406.521875912027,9414.20442568411
7126.400243442337,7125,7178.638165736899,7177.267097043791
3994.0270210918748,3992,4087.9254414098077,4086.3178684592617
3250.88268067792,3251,3282.570064953956,3282.259999386345
249.22012834854849,247,280.82535134050727,278.1898897820329
8286.508709455517,8269,8432.627105796975,8414.230061166289
4249.3882356035465,4251,4292.568171483937,4294.07002163792
4935.974528329416,4938,4984.124478705289,4986.1034855122225
5352.204211362483,5355,5431.77948654009,5434.867328603688
8430.789445508675,8426,8497.12879123551,8493.15047114004
2491.4203373542036,2492,2517.2934654058176,2517.819296259322
9219.656550798356,9216,9274.527091507638,9271.096819990304
